No.,1,,,,,,No.,2,,,,,,No.,3,,,,,,No.,4,,,,,,No.,5,,,,,,No.,6,,,,,,No.,7,,,,,,No.,8,,,,,,No.,9,,,,,,No.,10,,,,,,No.,11,,,,,,No.,12,,,,,,No.,13,,,,,,No.,14,,,,,
[Information],,[Volt (V)],[Current (mA)],[J (mA/cm^2)],,,[Information],,[Volt (V)],[Current (mA)],[J (mA/cm^2)],,,[Information],,[Volt (V)],[Current (mA)],[J (mA/cm^2)],,,[Information],,[Volt (V)],[Current (mA)],[J (mA/cm^2)],,,[Information],,[Volt (V)],[Current (mA)],[J (mA/cm^2)],,,[Information],,[Volt (V)],[Current (mA)],[J (mA/cm^2)],,,[Information],,[Volt (V)],[Current (mA)],[J (mA/cm^2)],,,[Information],,[Volt (V)],[Current (mA)],[J (mA/cm^2)],,,[Information],,[Volt (V)],[Current (mA)],[J (mA/cm^2)],,,[Information],,[Volt (V)],[Current (mA)],[J (mA/cm^2)],,,[Information],,[Volt (V)],[Current (mA)],[J (mA/cm^2)],,,[Information],,[Volt (V)],[Current (mA)],[J (mA/cm^2)],,,[Information],,[Volt (V)],[Current (mA)],[J (mA/cm^2)],,,[Information],,[Volt (V)],[Current (mA)],[J (mA/cm^2)],,
Name,single jv 2 (single jv 2.CH_Ref.Forward(1)),-0.20000000298,-1.08827728398,-10.8827728398,,,Name,single jv 2 (single jv 2.CH_Ref.Reverse(1)),1.200000047684,2.022318977037,20.223189770372,,,Name,single jv 2 (single jv 2.CH_Ref.Forward(1)),-0.20000000298,-2.186866510141,-21.86866510141,,,Name,single jv 2 (single jv 2.CH_Ref.Reverse(1)),1.200000047684,0.363184569655,3.631845696549,,,Name,single jv 2 (single jv 2.CH_Ref.Forward(1)),-0.20000000298,-2.021385435975,-20.213854359755,,,Name,single jv 2 (single jv 2.CH_Ref.Reverse(1)),1.200000047684,0.402108655521,4.021086555207,,,Name,single jv 2 (single jv 2.CH_Ref.Forward(1)),-0.20000000298,-2.030946200031,-20.309462000305,,,Name,single jv 2 (single jv 2.CH_Ref.Reverse(1)),1.200000047684,0.358559537042,3.585595370421,,,Name,single jv 2 (single jv 2.CH_Ref.Forward(1)),-0.20000000298,-2.175962408465,-21.759624084651,,,Name,single jv 2 (single jv 2.CH_Ref.Reverse(1)),1.200000047684,0.329754427253,3.297544272534,,,Name,single jv 2 (single jv 2.CH_Ref.Forward(1)),-0.20000000298,-2.027572370152,-20.275723701523,,,Name,single jv 2 (single jv 2.CH_Ref.Reverse(1)),1.200000047684,0.327636220504,3.276362205041,,,Name,single jv 2 (single jv 2.CH_Ref.Forward(1)),-0.20000000298,-1.812218479705E-7,-1.812218479705E-6,,,Name,single jv 2 (single jv 2.CH_Ref.Reverse(1)),1.200000047684,1.15706474249E-6,1.15706474249E-5,,
Comment,,-0.180000007153,-1.000606861162,-10.006068611617,,,Comment,,1.179999947548,2.009572909553,20.095729095526,,,Comment,,-0.180000007153,-2.170643373938,-21.706433739383,,,Comment,,1.179999947548,0.027736722623,0.277367226229,,,Comment,,-0.180000007153,-2.011873363672,-20.118733636718,,,Comment,,1.179999947548,0.05210528291,0.521052829103,,,Comment,,-0.180000007153,-2.016958646975,-20.169586469745,,,Comment,,1.179999947548,0.026266507526,0.262665075255,,,Comment,,-0.180000007153,-2.161029295497,-21.610292954973,,,Comment,,1.179999947548,0.013191004945,0.13191004945,,,Comment,,-0.180000007153,-2.017360508011,-20.173605080109,,,Comment,,1.179999947548,0.009381882541,0.09381882541,,,Comment,,-0.180000007153,-1.48544092047E-7,-1.48544092047E-6,,,Comment,,1.179999947548,9.541750340737E-7,9.541750340737E-6,,
Test Mode,Single-Channel,-0.159999996424,-0.90182000365,-9.018200036505,,,Test Mode,Single-Channel,1.159999966621,2.003875974646,20.038759746456,,,Test Mode,Single-Channel,-0.159999996424,-2.159262293413,-21.592622934134,,,Test Mode,Single-Channel,1.159999966621,-0.289554985387,-2.895549853871,,,Test Mode,Single-Channel,-0.159999996424,-2.007403969388,-20.074039693884,,,Test Mode,Single-Channel,1.159999966621,-0.275333762966,-2.753337629662,,,Test Mode,Single-Channel,-0.159999996424,-2.005214612588,-20.052146125879,,,Test Mode,Single-Channel,1.159999966621,-0.288326284891,-2.883262848915,,,Test Mode,Single-Channel,-0.159999996424,-2.139289815313,-21.392898153135,,,Test Mode,Single-Channel,1.159999966621,-0.287895075091,-2.87895075091,,,Test Mode,Single-Channel,-0.159999996424,-2.009910670056,-20.099106700556,,,Test Mode,Single-Channel,1.159999966621,-0.293758920062,-2.937589200621,,,Test Mode,Single-Channel,-0.159999996424,-1.192418762845E-7,-1.192418762845E-6,,,Test Mode,Single-Channel,1.159999966621,8.194080178135E-7,8.194080178135E-6,,
Channel,CH_Ref (normal),-0.140000000596,-0.783283382723,-7.832833827232,,,Channel,CH_Ref (normal),1.139999985695,1.999932482094,19.999324820942,,,Channel,CH_Ref (normal),-0.140000000596,-2.141678176534,-21.416781765344,,,Channel,CH_Ref (normal),1.139999985695,-0.575046588268,-5.750465882679,,,Channel,CH_Ref (normal),-0.140000000596,-2.004969304777,-20.049693047774,,,Channel,CH_Ref (normal),1.139999985695,-0.565639960186,-5.65639960186,,,Channel,CH_Ref (normal),-0.140000000596,-2.000922034079,-20.009220340788,,,Channel,CH_Ref (normal),1.139999985695,-0.570453114767,-5.704531147669,,,Channel,CH_Ref (normal),-0.140000000596,-2.111608862851,-21.116088628511,,,Channel,CH_Ref (normal),1.139999985695,-0.561151430121,-5.611514301214,,,Channel,CH_Ref (normal),-0.140000000596,-2.005562080624,-20.055620806236,,,Channel,CH_Ref (normal),1.139999985695,-0.568178085138,-5.681780851381,,,Channel,CH_Ref (normal),-0.140000000596,-7.912970604401E-8,-7.912970604401E-7,,,Channel,CH_Ref (normal),1.139999985695,7.465452276103E-7,7.465452276103E-6,,
Power,---,-0.119999997318,-0.639216153024,-6.392161530239,,,Power,---,1.120000004768,1.99911789683,19.991178968301,,,Power,---,-0.119999997318,-2.111132577397,-21.111325773973,,,Power,---,1.120000004768,-0.82330276334,-8.233027633405,,,Power,---,-0.119999997318,-2.003408626285,-20.034086262854,,,Power,---,1.120000004768,-0.818055398911,-8.180553989113,,,Power,---,-0.119999997318,-1.999259195362,-19.992591953617,,,Power,---,1.120000004768,-0.819219532397,-8.192195323967,,,Power,---,-0.119999997318,-2.082119920945,-20.821199209446,,,Power,---,1.120000004768,-0.804322745633,-8.043227456327,,,Power,---,-0.119999997318,-2.001763122448,-20.017631224481,,,Power,---,1.120000004768,-0.81199782146,-8.1199782146,,,Power,---,-0.119999997318,-5.682841247139E-8,-5.682841247139E-7,,,Power,---,1.120000004768,6.822627509055E-7,6.822627509055E-6,,
Area (cm^2),0.1,-0.10000000149,-0.481995572838,-4.819955728384,,,Area (cm^2),0.1,1.100000023842,1.996799029216,19.967990292163,,,Area (cm^2),0.1,-0.10000000149,-2.06838360808,-20.683836080802,,,Area (cm^2),0.1,1.100000023842,-1.028040560455,-10.280405604547,,,Area (cm^2),0.1,-0.10000000149,-2.0010103264,-20.010103264001,,,Area (cm^2),0.1,1.100000023842,-1.027036158256,-10.270361582564,,,Area (cm^2),0.1,-0.10000000149,-2.000236728496,-20.002367284962,,,Area (cm^2),0.1,1.100000023842,-1.024666749838,-10.246667498375,,,Area (cm^2),0.1,-0.10000000149,-2.054007984848,-20.540079848478,,,Area (cm^2),0.1,1.100000023842,-1.006623258643,-10.06623258643,,,Area (cm^2),0.1,-0.10000000149,-2.000231720642,-20.00231720642,,,Area (cm^2),0.1,1.100000023842,-1.012762464117,-10.127624641174,,,Area (cm^2),0.1,-0.10000000149,-4.144539342078E-8,-4.144539342078E-7,,,Area (cm^2),0.1,1.100000023842,6.210892684574E-7,6.210892684574E-6,,
Start (V),-0.2,-0.079999998212,-0.321855389594,-3.21855389594,,,Start (V),-0.2,1.080000042915,1.995880819893,19.958808198928,,,Start (V),-0.2,-0.079999998212,-2.031865642057,-20.318656420567,,,Start (V),-0.2,1.080000042915,-1.200051356415,-12.000513564152,,,Start (V),-0.2,-0.079999998212,-1.999033996012,-19.990339960117,,,Start (V),-0.2,1.080000042915,-1.203289550489,-12.032895504893,,,Start (V),-0.2,-0.079999998212,-1.997498510878,-19.974985108784,,,Start (V),-0.2,1.080000042915,-1.200210182436,-12.002101824364,,,Start (V),-0.2,-0.079999998212,-2.029251079915,-20.29251079915,,,Start (V),-0.2,1.080000042915,-1.178708228628,-11.787082286282,,,Start (V),-0.2,-0.079999998212,-1.994307198024,-19.943071980238,,,Start (V),-0.2,1.080000042915,-1.182967061905,-11.829670619046,,,Start (V),-0.2,-0.079999998212,-2.016044459111E-8,-2.016044459111E-7,,,Start (V),-0.2,1.080000042915,5.730177937158E-7,5.730177937158E-6,,
End (V),1.2,-0.059999998659,-0.170772858622,-1.707728586223,,,End (V),1.2,1.05999994278,1.992773947164,19.927739471639,,,End (V),1.2,-0.059999998659,-2.00309860159,-20.030986015901,,,End (V),1.2,1.05999994278,-1.344779998454,-13.447799984544,,,End (V),1.2,-0.059999998659,-1.995081720455,-19.950817204546,,,End (V),1.2,1.05999994278,-1.350637261739,-13.506372617389,,,End (V),1.2,-0.059999998659,-1.997981884372,-19.97981884372,,,End (V),1.2,1.05999994278,-1.34578276347,-13.457827634696,,,End (V),1.2,-0.059999998659,-2.007273842224,-20.072738422238,,,End (V),1.2,1.05999994278,-1.322578524462,-13.225785244621,,,End (V),1.2,-0.059999998659,-1.989842041156,-19.898420411555,,,End (V),1.2,1.05999994278,-1.324420105051,-13.244201050513,,,End (V),1.2,-0.059999998659,-1.021501755369E-9,-1.021501755369E-8,,,End (V),1.2,1.05999994278,5.416398666767E-7,5.416398666767E-6,,
Step (V),0.02,-0.039999999106,-0.024253407931,-0.24253407931,,,Step (V),0.02,1.039999961853,1.988849484458,19.888494844585,,,Step (V),0.02,-0.039999999106,-1.985517258292,-19.855172582918,,,Step (V),0.02,1.039999961853,-1.469168277722,-14.691682777217,,,Step (V),0.02,-0.039999999106,-1.99069761378,-19.9069761378,,,Step (V),0.02,1.039999961853,-1.476715845877,-14.767158458773,,,Step (V),0.02,-0.039999999106,-1.996172122918,-19.961721229178,,,Step (V),0.02,1.039999961853,-1.470286801212,-14.702868012122,,,Step (V),0.02,-0.039999999106,-1.995543983917,-19.955439839167,,,Step (V),0.02,1.039999961853,-1.444139947093,-14.441399470927,,,Step (V),0.02,-0.039999999106,-1.989778942193,-19.897789421929,,,Step (V),0.02,1.039999961853,-1.448140182484,-14.481401824841,,,Step (V),0.02,-0.039999999106,2.969134518387E-8,2.969134518387E-7,,,Step (V),0.02,1.039999961853,5.108613837815E-7,5.108613837815E-6,,
Delay (ms),10,-0.019999999553,0.131727251638,1.317272516375,,,Delay (ms),10,1.019999980927,1.988342535528,19.883425355283,,,Delay (ms),10,-0.019999999553,-1.980645078445,-19.806450784451,,,Delay (ms),10,1.019999980927,-1.567513326929,-15.67513326929,,,Delay (ms),10,-0.019999999553,-1.990971196706,-19.909711967056,,,Delay (ms),10,1.019999980927,-1.574634495563,-15.746344955627,,,Delay (ms),10,-0.019999999553,-1.99452877631,-19.9452877631,,,Delay (ms),10,1.019999980927,-1.568095740369,-15.680957403693,,,Delay (ms),10,-0.019999999553,-1.991273594054,-19.912735940538,,,Delay (ms),10,1.019999980927,-1.544659021362,-15.446590213623,,,Delay (ms),10,-0.019999999553,-1.994822775872,-19.948227758719,,,Delay (ms),10,1.019999980927,-1.547928726396,-15.479287263957,,,Delay (ms),10,-0.019999999553,3.975108523129E-8,3.975108523129E-7,,,Delay (ms),10,1.019999980927,4.744632543949E-7,4.744632543949E-6,,
Reverse data,FALSE,0,0.291373366129,2.913733661287,,,Reverse data,TRUE,1,1.988285523035,19.882855230347,,,Reverse data,FALSE,0,-1.985629049006,-19.856290490058,,,Reverse data,TRUE,1,-1.643727320278,-16.43727320278,,,Reverse data,FALSE,0,-1.991150863105,-19.911508631046,,,Reverse data,TRUE,1,-1.653835519838,-16.538355198381,,,Reverse data,FALSE,0,-1.995841219323,-19.958412193228,,,Reverse data,TRUE,1,-1.644315203836,-16.44315203836,,,Reverse data,FALSE,0,-1.993706101435,-19.937061014353,,,Reverse data,TRUE,1,-1.624834997801,-16.248349978012,,,Reverse data,FALSE,0,-1.998483825448,-19.984838254479,,,Reverse data,TRUE,1,-1.630143978098,-16.301439780977,,,Reverse data,FALSE,0,3.45964951812E-8,3.45964951812E-7,,,Reverse data,TRUE,1,4.411432506652E-7,4.411432506652E-6,,
Temperature (degC),NaN,0.019999999553,0.458030823761,4.580308237614,,,Temperature (degC),NaN,0.980000019073,1.986386621776,19.863866217763,,,Temperature (degC),NaN,0.019999999553,-1.99200389328,-19.9200389328,,,Temperature (degC),NaN,0.980000019073,-1.706535480616,-17.065354806162,,,Temperature (degC),NaN,0.019999999553,-1.99197669678,-19.919766967796,,,Temperature (degC),NaN,0.980000019073,-1.712323982211,-17.123239822107,,,Temperature (degC),NaN,0.019999999553,-2.001339689117,-20.013396891168,,,Temperature (degC),NaN,0.980000019073,-1.706154614045,-17.061546140454,,,Temperature (degC),NaN,0.019999999553,-1.996814283911,-19.968142839106,,,Temperature (degC),NaN,0.980000019073,-1.691615811811,-16.916158118108,,,Temperature (degC),NaN,0.019999999553,-1.99752277971,-19.975227797102,,,Temperature (degC),NaN,0.980000019073,-1.695457413791,-16.954574137907,,,Temperature (degC),NaN,0.019999999553,4.640194363186E-8,4.640194363186E-7,,,Temperature (degC),NaN,0.980000019073,4.042973015659E-7,4.042973015659E-6,,
Time stamp,2025/05/23 09:13:51,0.039999999106,0.617095498094,6.170954980936,,,Time stamp,2025/05/23 09:14:01,0.959999978542,1.926538295864,19.26538295864,,,Time stamp,2025/05/23 09:14:40,0.039999999106,-1.990618643772,-19.906186437719,,,Time stamp,2025/05/23 09:14:49,0.959999978542,-1.753834778845,-17.538347788445,,,Time stamp,2025/05/23 09:15:10,0.039999999106,-1.990579351378,-19.905793513776,,,Time stamp,2025/05/23 09:15:20,0.959999978542,-1.761523144746,-17.615231447463,,,Time stamp,2025/05/23 09:16:00,0.039999999106,-1.998940079485,-19.98940079485,,,Time stamp,2025/05/23 09:16:10,0.959999978542,-1.753483497135,-17.534834971353,,,Time stamp,2025/05/23 09:16:44,0.039999999106,-1.993819510071,-19.938195100713,,,Time stamp,2025/05/23 09:16:54,0.959999978542,-1.740307986894,-17.403079868944,,,Time stamp,2025/05/23 09:17:15,0.039999999106,-1.99636642766,-19.963664276597,,,Time stamp,2025/05/23 09:17:25,0.959999978542,-1.748637319608,-17.486373196083,,,Time stamp,2025/05/23 09:18:02,0.039999999106,6.653814842771E-8,6.653814842771E-7,,,Time stamp,2025/05/23 09:18:11,0.959999978542,3.818840346964E-7,3.818840346964E-6,,
Rsh method,Linear fit,0.059999998659,0.772755756115,7.727557561152,,,Rsh method,Linear fit,0.939999997616,1.818235899073,18.182358990731,,,Rsh method,Linear fit,0.059999998659,-1.986228758804,-19.862287588039,,,Rsh method,Linear fit,0.939999997616,-1.794911201912,-17.949112019119,,,Rsh method,Linear fit,0.059999998659,-1.989173608189,-19.891736081893,,,Rsh method,Linear fit,0.939999997616,-1.797197518473,-17.971975184735,,,Rsh method,Linear fit,0.059999998659,-1.992168690204,-19.921686902042,,,Rsh method,Linear fit,0.939999997616,-1.79192563482,-17.919256348199,,,Rsh method,Linear fit,0.059999998659,-1.99240090055,-19.9240090055,,,Rsh method,Linear fit,0.939999997616,-1.779327607209,-17.79327607209,,,Rsh method,Linear fit,0.059999998659,-1.996540238721,-19.965402387215,,,Rsh method,Linear fit,0.939999997616,-1.793263926065,-17.932639260646,,,Rsh method,Linear fit,0.059999998659,9.818076154026E-8,9.818076154026E-7,,,Rsh method,Linear fit,0.939999997616,3.677833116064E-7,3.677833116064E-6,,
[Option],,0.079999998212,0.909290893854,9.092908938543,,,[Option],,0.920000016689,1.674931298151,16.74931298151,,,[Option],,0.079999998212,-1.984749592769,-19.847495927691,,,[Option],,0.920000016689,-1.822718583431,-18.227185834311,,,[Option],,0.079999998212,-1.985607553755,-19.856075537548,,,[Option],,0.920000016689,-1.826580216828,-18.265802168277,,,[Option],,0.079999998212,-1.986599494101,-19.865994941006,,,[Option],,0.920000016689,-1.820605577146,-18.206055771458,,,[Option],,0.079999998212,-1.988816509665,-19.888165096648,,,[Option],,0.920000016689,-1.811989217344,-18.119892173438,,,[Option],,0.079999998212,-1.995720645603,-19.957206456031,,,[Option],,0.920000016689,-1.826883962444,-18.268839624442,,,[Option],,0.079999998212,8.680746659763E-8,8.680746659763E-7,,,[Option],,0.920000016689,3.571912948614E-7,3.571912948614E-6,,
Correct to 1SUN,TRUE,0.10000000149,1.038560829369,10.385608293693,,,Correct to 1SUN,TRUE,0.899999976158,1.513178764027,15.131787640269,,,Correct to 1SUN,TRUE,0.10000000149,-1.987272164482,-19.872721644818,,,Correct to 1SUN,TRUE,0.899999976158,-1.848995680281,-18.489956802809,,,Correct to 1SUN,TRUE,0.10000000149,-1.98237348153,-19.8237348153,,,Correct to 1SUN,TRUE,0.899999976158,-1.84453637875,-18.445363787498,,,Correct to 1SUN,TRUE,0.10000000149,-1.987235645668,-19.872356456683,,,Correct to 1SUN,TRUE,0.899999976158,-1.846295946096,-18.462959460963,,,Correct to 1SUN,TRUE,0.10000000149,-1.99014752026,-19.901475202601,,,Correct to 1SUN,TRUE,0.899999976158,-1.841083655907,-18.410836559074,,,Correct to 1SUN,TRUE,0.10000000149,-1.993390529578,-19.933905295785,,,Correct to 1SUN,TRUE,0.899999976158,-1.853768589049,-18.537685890492,,,Correct to 1SUN,TRUE,0.10000000149,8.788814311888E-8,8.788814311888E-7,,,Correct to 1SUN,TRUE,0.899999976158,3.366890340271E-7,3.366890340271E-6,,
Temp. connection,FALSE,0.119999997318,1.154529230067,11.54529230067,,,Temp. connection,FALSE,0.879999995232,1.341545463966,13.415454639661,,,Temp. connection,FALSE,0.119999997318,-1.984782028255,-19.847820282554,,,Temp. connection,FALSE,0.879999995232,-1.867643157211,-18.676431572106,,,Temp. connection,FALSE,0.119999997318,-1.986243011927,-19.862430119274,,,Temp. connection,FALSE,0.879999995232,-1.861436538315,-18.614365383147,,,Temp. connection,FALSE,0.119999997318,-1.988086595658,-19.880865956582,,,Temp. connection,FALSE,0.879999995232,-1.867030041772,-18.670300417721,,,Temp. connection,FALSE,0.119999997318,-1.991095853753,-19.910958537526,,,Temp. connection,FALSE,0.879999995232,-1.86401670035,-18.640167003504,,,Temp. connection,FALSE,0.119999997318,-1.991703576117,-19.917035761174,,,Temp. connection,FALSE,0.879999995232,-1.873555352803,-18.735553528032,,,Temp. connection,FALSE,0.119999997318,1.033852593473E-7,1.033852593473E-6,,,Temp. connection,FALSE,0.879999995232,3.136432318013E-7,3.136432318013E-6,,
MMF correction,FALSE,0.140000000596,1.26979789871,12.697978987099,,,MMF correction,FALSE,0.860000014305,1.204152326719,12.041523267193,,,MMF correction,FALSE,0.140000000596,-1.983564195164,-19.835641951644,,,MMF correction,FALSE,0.860000014305,-1.881160819457,-18.811608194574,,,MMF correction,FALSE,0.140000000596,-1.989726013027,-19.897260130265,,,MMF correction,FALSE,0.860000014305,-1.877340173421,-18.773401734212,,,MMF correction,FALSE,0.140000000596,-1.985352461368,-19.853524613676,,,MMF correction,FALSE,0.860000014305,-1.883231027851,-18.832310278505,,,MMF correction,FALSE,0.140000000596,-1.990872349369,-19.908723493686,,,MMF correction,FALSE,0.860000014305,-1.880677792661,-18.806777926615,,,MMF correction,FALSE,0.140000000596,-1.989627704997,-19.896277049969,,,MMF correction,FALSE,0.860000014305,-1.892781352456,-18.927813524557,,,MMF correction,FALSE,0.140000000596,1.324006134237E-7,1.324006134237E-6,,,MMF correction,FALSE,0.860000014305,2.971821583613E-7,2.971821583613E-6,,
Monitor,FALSE,0.159999996424,1.366808431824,13.66808431824,,,Monitor,FALSE,0.839999973774,1.139194410151,11.391944101506,,,Monitor,FALSE,0.159999996424,-1.982313695456,-19.823136954555,,,Monitor,FALSE,0.839999973774,-1.891441481811,-18.914414818108,,,Monitor,FALSE,0.159999996424,-1.988464804214,-19.884648042141,,,Monitor,FALSE,0.839999973774,-1.897070733643,-18.970707336426,,,Monitor,FALSE,0.159999996424,-1.98507510329,-19.850751032903,,,Monitor,FALSE,0.839999973774,-1.895016473339,-18.950164733389,,,Monitor,FALSE,0.159999996424,-1.988849022195,-19.88849022195,,,Monitor,FALSE,0.839999973774,-1.895851359673,-18.958513596735,,,Monitor,FALSE,0.159999996424,-1.98843044263,-19.884304426301,,,Monitor,FALSE,0.839999973774,-1.90669617606,-19.066961760604,,,Monitor,FALSE,0.159999996424,1.343460837316E-7,1.343460837316E-6,,,Monitor,FALSE,0.839999973774,2.738202583679E-7,2.738202583679E-6,,
AM0,FALSE,0.180000007153,1.452622250491,14.526222504907,,,AM0,FALSE,0.819999992847,1.140677389859,11.40677389859,,,AM0,FALSE,0.180000007153,-1.978548559557,-19.785485595567,,,AM0,FALSE,0.819999992847,-1.904943966407,-19.049439664073,,,AM0,FALSE,0.180000007153,-1.977968264824,-19.779682648239,,,AM0,FALSE,0.819999992847,-1.913038007019,-19.13038007019,,,AM0,FALSE,0.180000007153,-1.983085598393,-19.830855983933,,,AM0,FALSE,0.819999992847,-1.906668016511,-19.066680165112,,,AM0,FALSE,0.180000007153,-1.986507195496,-19.86507195496,,,AM0,FALSE,0.819999992847,-1.908266138344,-19.082661383436,,,AM0,FALSE,0.180000007153,-1.987374247663,-19.87374247663,,,AM0,FALSE,0.819999992847,-1.918230535445,-19.18230535445,,,AM0,FALSE,0.180000007153,1.403318918814E-7,1.403318918814E-6,,,AM0,FALSE,0.819999992847,2.454360619953E-7,2.454360619953E-6,,
[Calibration],,0.20000000298,1.525231359274,15.252313592744,,,[Calibration],,0.800000011921,1.140003332687,11.400033326874,,,[Calibration],,0.20000000298,-1.974450516921,-19.744505169212,,,[Calibration],,0.800000011921,-1.919314812917,-19.193148129173,,,[Calibration],,0.20000000298,-1.96924843505,-19.692484350503,,,[Calibration],,0.800000011921,-1.923968688844,-19.23968688844,,,[Calibration],,0.20000000298,-1.981614213793,-19.816142137934,,,[Calibration],,0.800000011921,-1.916102775251,-19.161027752508,,,[Calibration],,0.20000000298,-1.983390152971,-19.83390152971,,,[Calibration],,0.800000011921,-1.919447482531,-19.194474825309,,,[Calibration],,0.20000000298,-1.984086013569,-19.840860135693,,,[Calibration],,0.800000011921,-1.922964036253,-19.22964036253,,,[Calibration],,0.20000000298,1.561281286068E-7,1.561281286068E-6,,,[Calibration],,0.800000011921,2.202109880605E-7,2.202109880605E-6,,
Ref Cell Isc (A),0.05475,0.219999998808,1.589392795898,15.893927958979,,,Ref Cell Isc (A),0.05475,0.77999997139,1.100637399996,11.006373999957,,,Ref Cell Isc (A),0.05475,0.219999998808,-1.970243534196,-19.702435341964,,,Ref Cell Isc (A),0.05475,0.77999997139,-1.931549462925,-19.31549462925,,,Ref Cell Isc (A),0.05475,0.219999998808,-1.971988886942,-19.719888869415,,,Ref Cell Isc (A),0.05475,0.77999997139,-1.931641260744,-19.316412607442,,,Ref Cell Isc (A),0.05475,0.219999998808,-1.980888845377,-19.808888453775,,,Ref Cell Isc (A),0.05475,0.77999997139,-1.925776254547,-19.257762545467,,,Ref Cell Isc (A),0.05475,0.219999998808,-1.982969570264,-19.829695702644,,,Ref Cell Isc (A),0.05475,0.77999997139,-1.926025298987,-19.260252989869,,,Ref Cell Isc (A),0.05475,0.219999998808,-1.981560822364,-19.815608223636,,,Ref Cell Isc (A),0.05475,0.77999997139,-1.926610100788,-19.266101007885,,,Ref Cell Isc (A),0.05475,0.219999998808,1.748511053511E-7,1.748511053511E-6,,,Ref Cell Isc (A),0.05475,0.77999997139,2.133933625321E-7,2.133933625321E-6,,
Light Intensity (SUN),1.00735,0.239999994636,1.64122100483,16.412210048304,,,Light Intensity (SUN),1.00735,0.759999990463,1.057717316154,10.577173161537,,,Light Intensity (SUN),1.00735,0.239999994636,-1.974764779031,-19.747647790315,,,Light Intensity (SUN),1.00735,0.759999990463,-1.93512518637,-19.351251863703,,,Light Intensity (SUN),1.00735,0.239999994636,-1.976375998329,-19.763759983287,,,Light Intensity (SUN),1.00735,0.759999990463,-1.936177220966,-19.361772209661,,,Light Intensity (SUN),1.00735,0.239999994636,-1.980335207838,-19.803352078377,,,Light Intensity (SUN),1.00735,0.759999990463,-1.933219197072,-19.332191970721,,,Light Intensity (SUN),1.00735,0.239999994636,-1.983694707549,-19.836947075486,,,Light Intensity (SUN),1.00735,0.759999990463,-1.933373747156,-19.333737471563,,,Light Intensity (SUN),1.00735,0.239999994636,-1.976178226611,-19.761782266108,,,Light Intensity (SUN),1.00735,0.759999990463,-1.932697070492,-19.326970704916,,,Light Intensity (SUN),1.00735,0.239999994636,1.725895005382E-7,1.725895005382E-6,,,Light Intensity (SUN),1.00735,0.759999990463,2.077403906274E-7,2.077403906274E-6,,
[Statistic],,0.259999990463,1.683396151103,16.833961511032,,,[Statistic],,0.740000009537,1.028140582711,10.281405827113,,,[Statistic],,0.259999990463,-1.976432933778,-19.764329337784,,,[Statistic],,0.740000009537,-1.937353065126,-19.373530651259,,,[Statistic],,0.259999990463,-1.982317701739,-19.823177017389,,,[Statistic],,0.740000009537,-1.938582339238,-19.385823392375,,,[Statistic],,0.259999990463,-1.978490237317,-19.784902373165,,,[Statistic],,0.740000009537,-1.93874848443,-19.387484844302,,,[Statistic],,0.259999990463,-1.981987799715,-19.819877997147,,,[Statistic],,0.740000009537,-1.938609998001,-19.386099980013,,,[Statistic],,0.259999990463,-1.972413398888,-19.724133988876,,,[Statistic],,0.740000009537,-1.934935966526,-19.349359665265,,,[Statistic],,0.259999990463,1.760150563721E-7,1.760150563721E-6,,,[Statistic],,0.740000009537,1.906139982945E-7,1.906139982945E-6,,
No.,1,0.280000001192,1.719857759506,17.198577595063,,,No.,1,0.72000002861,1.039658839919,10.396588399186,,,No.,1,0.280000001192,-1.974899143611,-19.748991436111,,,No.,1,0.72000002861,-1.939285711617,-19.392857116171,,,No.,1,0.280000001192,-1.978840864153,-19.788408641525,,,No.,1,0.72000002861,-1.939946825412,-19.399468254118,,,No.,1,0.280000001192,-1.976304193404,-19.763041934042,,,No.,1,0.72000002861,-1.941508004689,-19.415080046892,,,No.,1,0.280000001192,-1.980377042681,-19.80377042681,,,No.,1,0.72000002861,-1.943373391847,-19.433733918466,,,No.,1,0.280000001192,-1.970072881935,-19.70072881935,,,No.,1,0.72000002861,-1.94310905419,-19.431090541902,,,No.,1,0.280000001192,1.807539971908E-7,1.807539971908E-6,,,No.,1,0.72000002861,1.685493555675E-7,1.685493555675E-6,,
Name,single jv 2.CH_Ref.Forward(1),0.300000011921,1.750203814916,17.502038149156,,,Name,single jv 2.CH_Ref.Reverse(1),0.699999988079,1.039198695164,10.391986951641,,,Name,single jv 2.CH_Ref.Forward(1),0.300000011921,-1.972982522253,-19.729825222533,,,Name,single jv 2.CH_Ref.Reverse(1),0.699999988079,-1.943824214288,-19.43824214288,,,Name,single jv 2.CH_Ref.Forward(1),0.300000011921,-1.975606406708,-19.756064067082,,,Name,single jv 2.CH_Ref.Reverse(1),0.699999988079,-1.943387375316,-19.433873753164,,,Name,single jv 2.CH_Ref.Forward(1),0.300000011921,-1.975018792804,-19.750187928039,,,Name,single jv 2.CH_Ref.Reverse(1),0.699999988079,-1.945542409055,-19.455424090548,,,Name,single jv 2.CH_Ref.Forward(1),0.300000011921,-1.974352594111,-19.743525941111,,,Name,single jv 2.CH_Ref.Reverse(1),0.699999988079,-1.946032100149,-19.460321001489,,,Name,single jv 2.CH_Ref.Forward(1),0.300000011921,-1.972073943419,-19.720739434185,,,Name,single jv 2.CH_Ref.Reverse(1),0.699999988079,-1.94995371223,-19.499537122297,,,Name,single jv 2.CH_Ref.Forward(1),0.300000011921,1.959851989389E-7,1.959851989389E-6,,,Name,single jv 2.CH_Ref.Reverse(1),0.699999988079,1.538171119919E-7,1.538171119919E-6,,
Isc (mA),-0.291373,0.319999992847,1.778220370651,17.782203706514,,,Isc (mA),-0.6202,0.680000007153,0.982778014301,9.827780143014,,,Isc (mA),1.985629,0.319999992847,-1.970327974322,-19.703279743222,,,Isc (mA),1.999665,0.680000007153,-1.947727451396,-19.477274513962,,,Isc (mA),1.991151,0.319999992847,-1.97278089834,-19.727808983399,,,Isc (mA),1.995464,0.680000007153,-1.945180148588,-19.451801485883,,,Isc (mA),1.995841,0.319999992847,-1.971245567294,-19.712455672944,,,Isc (mA),2.00366,0.680000007153,-1.952018643115,-19.52018643115,,,Isc (mA),1.993706,0.319999992847,-1.973547947511,-19.735479475114,,,Isc (mA),1.996091,0.680000007153,-1.948271689579,-19.482716895789,,,Isc (mA),1.998484,0.319999992847,-1.97390473786,-19.739047378602,,,Isc (mA),1.995892,0.680000007153,-1.960895103158,-19.608951031583,,,Isc (mA),-3.45965E-8,0.319999992847,2.15639477939E-7,2.15639477939E-6,,,Isc (mA),2.577219E-7,0.680000007153,1.455869793833E-7,1.455869793833E-6,,
Voc (V),-0.03689,0.340000003576,1.801265205808,18.012652058083,,,Voc (V),---,0.660000026226,0.925577051976,9.255770519757,,,Voc (V),1.175342,0.340000003576,-1.968286233654,-19.682862336539,,,Voc (V),1.178252,0.660000026226,-1.953303427364,-19.53303427364,,,Voc (V),1.172454,0.340000003576,-1.97087113389,-19.708711338901,,,Voc (V),1.176817,0.660000026226,-1.94660507571,-19.466050757102,,,Voc (V),1.175711,0.340000003576,-1.965957427376,-19.659574273758,,,Voc (V),1.17833,0.660000026226,-1.956975031956,-19.569750319557,,,Voc (V),1.176457,0.340000003576,-1.97154850395,-19.7154850395,,,Voc (V),1.179124,0.660000026226,-1.950556657872,-19.505566578722,,,Voc (V),1.176441,0.340000003576,-1.979304591449,-19.793045914489,,,Voc (V),1.179381,0.660000026226,-1.964409384085,-19.644093840851,,,Voc (V),-0.059335,0.340000003576,2.281102912043E-7,2.281102912043E-6,,,Voc (V),0.474329,0.660000026226,1.300568040878E-7,1.300568040878E-6,,
Pmax (mW),0,0.360000014305,1.822273192585,18.222731925853,,,Pmax (mW),---,0.639999985695,0.898343166064,8.983431660642,,,Pmax (mW),1.615518,0.360000014305,-1.963266976982,-19.632669769824,,,Pmax (mW),1.687217,0.639999985695,-1.958219059976,-19.582190599761,,,Pmax (mW),1.606791,0.360000014305,-1.970881457774,-19.708814577741,,,Pmax (mW),1.691062,0.639999985695,-1.946945378662,-19.469453786622,,,Pmax (mW),1.600869,0.360000014305,-1.961143646813,-19.611436468131,,,Pmax (mW),1.68441,0.639999985695,-1.961320077368,-19.613200773678,,,Pmax (mW),1.590403,0.360000014305,-1.968859979654,-19.688599796543,,,Pmax (mW),1.672568,0.639999985695,-1.952804105781,-19.52804105781,,,Pmax (mW),1.60572,0.360000014305,-1.98049977363,-19.804997736302,,,Pmax (mW),1.685668,0.639999985695,-1.965387687659,-19.653876876587,,,Pmax (mW),0,0.360000014305,2.362742873099E-7,2.362742873099E-6,,,Pmax (mW),3.534841E-8,0.639999985695,1.179017258083E-7,1.179017258083E-6,,
Imax (mA),-0.291373,0.379999995232,1.835935774427,18.359357744275,,,Imax (mA),---,0.620000004768,0.912055884231,9.12055884231,,,Imax (mA),1.755998,0.379999995232,-1.962318335314,-19.623183353142,,,Imax (mA),1.794911,0.620000004768,-1.963887334549,-19.638873345485,,,Imax (mA),1.709352,0.379999995232,-1.968824000148,-19.688240001482,,,Imax (mA),1.761523,0.620000004768,-1.952373045103,-19.523730451026,,,Imax (mA),1.703052,0.379999995232,-1.959906475701,-19.599064757007,,,Imax (mA),1.791926,0.620000004768,-1.961999450569,-19.619994505693,,,Imax (mA),1.728699,0.379999995232,-1.963814682141,-19.638146821411,,,Imax (mA),1.779328,0.620000004768,-1.959220861942,-19.592208619424,,,Imax (mA),1.745348,0.379999995232,-1.977813098388,-19.778130983884,,,Imax (mA),1.793264,0.620000004768,-1.968642253564,-19.686422535637,,,Imax (mA),-3.45965E-8,0.379999995232,2.29540193443E-7,2.29540193443E-6,,,Imax (mA),1.359554E-7,0.620000004768,1.02138364463E-7,1.02138364463E-6,,
Vmax (V),0,0.40000000596,1.849020372854,18.490203728542,,,Vmax (V),---,0.600000023842,0.934636048304,9.346360483036,,,Vmax (V),0.92,0.40000000596,-1.963156496015,-19.631564960149,,,Vmax (V),0.94,0.600000023842,-1.967537675021,-19.67537675021,,,Vmax (V),0.94,0.40000000596,-1.964967567216,-19.649675672156,,,Vmax (V),0.96,0.600000023842,-1.958546419551,-19.585464195512,,,Vmax (V),0.94,0.40000000596,-1.961123769484,-19.611237694842,,,Vmax (V),0.94,0.600000023842,-1.96554454906,-19.655445490602,,,Vmax (V),0.92,0.40000000596,-1.961884886275,-19.618848862746,,,Vmax (V),0.94,0.600000023842,-1.963563596037,-19.635635960372,,,Vmax (V),0.92,0.40000000596,-1.973093927748,-19.730939277477,,,Vmax (V),0.94,0.600000023842,-1.971531014982,-19.715310149823,,,Vmax (V),0,0.40000000596,2.356090005622E-7,2.356090005622E-6,,,Vmax (V),0.26,0.600000023842,8.704017046895E-8,8.704017046895E-7,,
Efficiency (%),0,0.419999986887,1.858995170883,18.589951708835,,,Efficiency (%),---,0.579999983311,0.933613868223,9.33613868223,,,Efficiency (%),16.15518,0.419999986887,-1.965366577627,-19.653665776273,,,Efficiency (%),16.87217,0.579999983311,-1.970308405169,-19.703084051689,,,Efficiency (%),16.06791,0.419999986887,-1.965412033534,-19.654120335344,,,Efficiency (%),16.91062,0.579999983311,-1.965485302293,-19.654853022931,,,Efficiency (%),16.00869,0.419999986887,-1.959440668219,-19.594406682187,,,Efficiency (%),16.8441,0.579999983311,-1.968173903633,-19.681739036326,,,Efficiency (%),15.90403,0.419999986887,-1.958618840827,-19.58618840827,,,Efficiency (%),16.72568,0.579999983311,-1.968420367102,-19.684203671019,,,Efficiency (%),16.0572,0.419999986887,-1.967995778112,-19.679957781119,,,Efficiency (%),16.85668,0.579999983311,-1.972225951054,-19.722259510537,,,Efficiency (%),0,0.419999986887,2.492440587478E-7,2.492440587478E-6,,,Efficiency (%),0,0.579999983311,7.866014238308E-8,7.866014238308E-7,,
Fill Factor (%),-0,0.439999997616,1.87226417391,18.722641739096,,,Fill Factor (%),---,0.560000002384,0.94796200604,9.479620060405,,,Fill Factor (%),69.22286,0.439999997616,-1.964694061334,-19.646940613338,,,Fill Factor (%),71.6103,0.560000002384,-1.968659819575,-19.686598195752,,,Fill Factor (%),68.82712,0.439999997616,-1.96161546372,-19.616154637201,,,Fill Factor (%),72.01229,0.560000002384,-1.968991416565,-19.689914165654,,,Fill Factor (%),68.22273,0.439999997616,-1.959660859714,-19.596608597145,,,Fill Factor (%),71.34389,0.560000002384,-1.970457870355,-19.70457870355,,,Fill Factor (%),67.80628,0.439999997616,-1.958250339804,-19.582503398037,,,Fill Factor (%),71.0631,0.560000002384,-1.968971154017,-19.68971154017,,,Fill Factor (%),68.29662,0.439999997616,-1.965745864798,-19.657458647979,,,Fill Factor (%),71.61119,0.560000002384,-1.973670524373,-19.736705243728,,,Fill Factor (%),-0,0.439999997616,2.768789040188E-7,2.768789040188E-6,,,Fill Factor (%),28.91606,0.560000002384,5.509863891508E-8,5.509863891508E-7,,
Jsc (mA/cm^2),-2.913734,0.460000008345,1.880566772387,18.805667723867,,,Jsc (mA/cm^2),-6.201998,0.540000021458,0.954597200949,9.545972009487,,,Jsc (mA/cm^2),19.85629,0.460000008345,-1.9655965537,-19.655965536997,,,Jsc (mA/cm^2),19.996653,0.540000021458,-1.965715278366,-19.657152783655,,,Jsc (mA/cm^2),19.911509,0.460000008345,-1.960414965509,-19.60414965509,,,Jsc (mA/cm^2),19.954639,0.540000021458,-1.971825399764,-19.718253997638,,,Jsc (mA/cm^2),19.958412,0.460000008345,-1.955383767031,-19.553837670313,,,Jsc (mA/cm^2),20.036603,0.540000021458,-1.972689524262,-19.726895242623,,,Jsc (mA/cm^2),19.937061,0.460000008345,-1.953639492901,-19.53639492901,,,Jsc (mA/cm^2),19.960906,0.540000021458,-1.971420996278,-19.714209962783,,,Jsc (mA/cm^2),19.984838,0.460000008345,-1.959693449289,-19.596934492885,,,Jsc (mA/cm^2),19.958921,0.540000021458,-1.975562337591,-19.755623375914,,,Jsc (mA/cm^2),-3.45965E-7,0.460000008345,2.953691677074E-7,2.953691677074E-6,,,Jsc (mA/cm^2),2.577219E-6,0.540000021458,5.147377350575E-8,5.147377350575E-7,,
Jmax (mA/cm^2),-2.913734,0.479999989271,1.888920836196,18.889208361958,,,Jmax (mA/cm^2),---,0.519999980927,0.935815224613,9.358152246125,,,Jmax (mA/cm^2),17.559978,0.479999989271,-1.959877738322,-19.598777383221,,,Jmax (mA/cm^2),17.949112,0.519999980927,-1.967817729635,-19.678177296351,,,Jmax (mA/cm^2),17.093522,0.479999989271,-1.954505312365,-19.545053123655,,,Jmax (mA/cm^2),17.615231,0.519999980927,-1.973277061123,-19.732770611226,,,Jmax (mA/cm^2),17.030524,0.479999989271,-1.954865338559,-19.548653385586,,,Jmax (mA/cm^2),17.919256,0.519999980927,-1.974316922781,-19.743169227806,,,Jmax (mA/cm^2),17.286992,0.479999989271,-1.953084314483,-19.53084314483,,,Jmax (mA/cm^2),17.793276,0.519999980927,-1.972832440716,-19.72832440716,,,Jmax (mA/cm^2),17.453479,0.479999989271,-1.95708505066,-19.570850506597,,,Jmax (mA/cm^2),17.932639,0.519999980927,-1.973013262774,-19.730132627736,,,Jmax (mA/cm^2),-3.45965E-7,0.479999989271,3.042149915747E-7,3.042149915747E-6,,,Jmax (mA/cm^2),1.359554E-6,0.519999980927,2.215893959459E-8,2.215893959459E-7,,
Area (cm^2),0.1,0.5,1.893640969885,18.936409698855,,,Area (cm^2),0.1,0.5,0.885025914289,8.850259142892,,,Area (cm^2),0.1,0.5,-1.956398281243,-19.563982812428,,,Area (cm^2),0.1,0.5,-1.973536236837,-19.73536236837,,,Area (cm^2),0.1,0.5,-1.952732840164,-19.527328401639,,,Area (cm^2),0.1,0.5,-1.973303949447,-19.733039494473,,,Area (cm^2),0.1,0.5,-1.948788654217,-19.487886542174,,,Area (cm^2),0.1,0.5,-1.975285595865,-19.752855958655,,,Area (cm^2),0.1,0.5,-1.952713425099,-19.527134250985,,,Area (cm^2),0.1,0.5,-1.977852621914,-19.778526219145,,,Area (cm^2),0.1,0.5,-1.956098118168,-19.560981181681,,,Area (cm^2),0.1,0.5,-1.976074602551,-19.760746025514,,,Area (cm^2),0.1,0.5,3.01836924614E-7,3.01836924614E-6,,,Area (cm^2),0.1,0.5,1.44103920998E-8,1.44103920998E-7,,
Rs (ohm),128.76,0.519999980927,1.899684101604,18.996841016037,,,Rs (ohm),---,0.479999989271,0.797583541445,7.975835414455,,,Rs (ohm),73.47,0.519999980927,-1.951734274042,-19.517342740419,,,Rs (ohm),67.21,0.479999989271,-1.972753085488,-19.727530854883,,,Rs (ohm),68.52,0.519999980927,-1.950722379323,-19.507223793233,,,Rs (ohm),65.4,0.479999989271,-1.970027426028,-19.700274260279,,,Rs (ohm),74.7,0.519999980927,-1.945442406059,-19.454424060591,,,Rs (ohm),67.74,0.479999989271,-1.972985295834,-19.729852958341,,,Rs (ohm),76.73,0.519999980927,-1.951844292746,-19.518442927459,,,Rs (ohm),70.36,0.479999989271,-1.977730199141,-19.777301991409,,,Rs (ohm),75.92,0.519999980927,-1.954776198754,-19.547761987543,,,Rs (ohm),70.01,0.479999989271,-1.975469268548,-19.754692685477,,,Rs (ohm),1151033059.23,0.519999980927,3.113980991198E-7,3.113980991198E-6,,,Rs (ohm),1848778462.78,0.479999989271,-2.050997052199E-9,-2.050997052199E-8,,
Rsh (ohm),126.1,0.540000021458,1.905466324119,19.054663241195,,,Rsh (ohm),58.2,0.460000008345,0.696463871373,6.964638713727,,,Rsh (ohm),19278.5,0.540000021458,-1.952251777988,-19.522517779877,,,Rsh (ohm),38981.8,0.460000008345,-1.969864863377,-19.69864863377,,,Rsh (ohm),33027.9,0.540000021458,-1.94390680536,-19.439068053599,,,Rsh (ohm),18896.5,0.460000008345,-1.968729775446,-19.687297754458,,,Rsh (ohm),109960.1,0.540000021458,-1.934620664323,-19.346206643233,,,Rsh (ohm),13092.2,0.460000008345,-1.972400609598,-19.724006095984,,,Rsh (ohm),13168.1,0.540000021458,-1.950233073449,-19.502330734487,,,Rsh (ohm),21970.5,0.460000008345,-1.98012718928,-19.801271892798,,,Rsh (ohm),15568.7,0.540000021458,-1.953010583461,-19.530105834608,,,Rsh (ohm),12446202.2,0.460000008345,-1.981920386293,-19.819203862932,,,Rsh (ohm),1481672518.4,0.540000021458,3.20476773808E-7,3.20476773808E-6,,,Rsh (ohm),1480308081.9,0.460000008345,5.182104353071E-9,5.182104353071E-8,,
V/s,0.301529,0.560000002384,1.91115840526,19.111584052601,,,V/s,0.276134,0.439999997616,0.643896734296,6.438967342961,,,V/s,0.309803,0.560000002384,-1.950972617944,-19.509726179441,,,V/s,0.297809,0.439999997616,-1.968272288706,-19.682722887062,,,V/s,0.323176,0.560000002384,-1.939482520286,-19.394825202861,,,V/s,0.30581,0.439999997616,-1.964085414442,-19.64085414442,,,V/s,0.310078,0.560000002384,-1.93272757988,-19.327275798801,,,V/s,0.297619,0.439999997616,-1.975903642114,-19.759036421143,,,V/s,0.310078,0.560000002384,-1.94286474795,-19.428647479505,,,V/s,0.293563,0.439999997616,-1.97835178941,-19.783517894096,,,V/s,0.309735,0.560000002384,-1.953153885134,-19.53153885134,,,V/s,0.301529,0.439999997616,-1.983210486572,-19.83210486572,,,V/s,0.327792,0.560000002384,3.263795370668E-7,3.263795370668E-6,,,V/s,0.327715,0.439999997616,-9.41863339669E-9,-9.41863339669E-8,,
,,0.579999983311,1.914147593416,19.141475934159,,,,,0.419999986887,0.637451163712,6.374511637122,,,,,0.579999983311,-1.946280335628,-19.462803356281,,,,,0.419999986887,-1.973353488682,-19.733534886817,,,,,0.579999983311,-1.933961014363,-19.339610143629,,,,,0.419999986887,-1.968390088845,-19.683900888451,,,,,0.579999983311,-1.931363209272,-19.313632092717,,,,,0.419999986887,-1.983789009295,-19.837890092948,,,,,0.579999983311,-1.937047663065,-19.370476630653,,,,,0.419999986887,-1.980398229756,-19.803982297564,,,,,0.579999983311,-1.955078364971,-19.550783649707,,,,,0.419999986887,-1.989545036881,-19.895450368811,,,,,0.579999983311,3.379350196607E-7,3.379350196607E-6,,,,,0.419999986887,-2.536598596986E-8,-2.536598596986E-7,,
,,0.600000023842,1.920986396118,19.209863961182,,,,,0.40000000596,0.654929210388,6.549292103876,,,,,0.600000023842,-1.939619812534,-19.396198125343,,,,,0.40000000596,-1.976378617822,-19.763786178216,,,,,0.600000023842,-1.935013896442,-19.350138964418,,,,,0.40000000596,-1.969314692813,-19.693146928132,,,,,0.600000023842,-1.933454527696,-19.334545276963,,,,,0.40000000596,-1.987713086781,-19.877130867808,,,,,0.600000023842,-1.93184292318,-19.318429231795,,,,,0.40000000596,-1.977938294743,-19.779382947428,,,,,0.600000023842,-1.952793550765,-19.527935507653,,,,,0.40000000596,-1.993727827818,-19.93727827818,,,,,0.600000023842,3.483942582604E-7,3.483942582604E-6,,,,,0.40000000596,-4.211060210152E-8,-4.211060210152E-7,,
,,0.620000004768,1.929398512514,19.293985125139,,,,,0.379999995232,0.629803862215,6.298038622146,,,,,0.620000004768,-1.932585819085,-19.325858190851,,,,,0.379999995232,-1.980684293796,-19.806842937955,,,,,0.620000004768,-1.932664866137,-19.326648661371,,,,,0.379999995232,-1.97499606485,-19.749960648504,,,,,0.620000004768,-1.930821898758,-19.308218987576,,,,,0.379999995232,-1.988871056753,-19.888710567534,,,,,0.620000004768,-1.929386339576,-19.29386339576,,,,,0.379999995232,-1.982309612128,-19.823096121283,,,,,0.620000004768,-1.945463207915,-19.454632079149,,,,,0.379999995232,-1.996042072797,-19.960420727971,,,,,0.620000004768,3.583047044054E-7,3.583047044054E-6,,,,,0.379999995232,-4.043094983825E-8,-4.043094983825E-7,,
,,0.639999985695,1.941537358419,19.41537358419,,,,,0.360000014305,0.588481437942,5.884814379415,,,,,0.639999985695,-1.924114879664,-19.241148796639,,,,,0.360000014305,-1.981902280974,-19.819022809743,,,,,0.639999985695,-1.931144250479,-19.311442504785,,,,,0.360000014305,-1.975479515388,-19.754795153878,,,,,0.639999985695,-1.929391039255,-19.293910392546,,,,,0.360000014305,-1.987745830443,-19.877458304427,,,,,0.639999985695,-1.923651691675,-19.236516916749,,,,,0.360000014305,-1.981773078337,-19.817730783366,,,,,0.639999985695,-1.933886859599,-19.338868595992,,,,,0.360000014305,-1.994584402013,-19.945844020133,,,,,0.639999985695,3.641406790724E-7,3.641406790724E-6,,,,,0.360000014305,-4.576930724775E-8,-4.576930724775E-7,,
,,0.660000026226,1.947838009408,19.478380094076,,,,,0.340000003576,0.594089791613,5.940897916126,,,,,0.660000026226,-1.918407120087,-19.184071200875,,,,,0.340000003576,-1.985691146398,-19.856911463975,,,,,0.660000026226,-1.922299224351,-19.222992243506,,,,,0.340000003576,-1.980091826125,-19.800918261249,,,,,0.660000026226,-1.926077149539,-19.260771495386,,,,,0.340000003576,-1.986655736155,-19.866557361551,,,,,0.660000026226,-1.919256105458,-19.192561054576,,,,,0.340000003576,-1.985015702435,-19.850157024355,,,,,0.660000026226,-1.923850888705,-19.238508887051,,,,,0.340000003576,-1.994269677639,-19.942696776395,,,,,0.660000026226,3.748654096722E-7,3.748654096722E-6,,,,,0.340000003576,-6.840299506874E-8,-6.840299506874E-7,,
,,0.680000007153,1.956388342578,19.563883425784,,,,,0.319999992847,0.643675406403,6.436754064026,,,,,0.680000007153,-1.91572013667,-19.157201366701,,,,,0.319999992847,-1.985436131054,-19.854361310542,,,,,0.680000007153,-1.917490644252,-19.174906442519,,,,,0.319999992847,-1.985916499835,-19.859164998353,,,,,0.680000007153,-1.920652950074,-19.206529500742,,,,,0.319999992847,-1.989696274077,-19.896962740771,,,,,0.680000007153,-1.91424520805,-19.142452080503,,,,,0.319999992847,-1.980965195893,-19.809651958926,,,,,0.680000007153,-1.919094698465,-19.190946984654,,,,,0.319999992847,-1.991165116228,-19.91165116228,,,,,0.680000007153,3.878188788891E-7,3.878188788891E-6,,,,,0.319999992847,-8.912443696733E-8,-8.912443696733E-7,,
,,0.699999988079,1.962663337945,19.626633379448,,,,,0.300000011921,0.680280624655,6.802806246546,,,,,0.699999988079,-1.915317505195,-19.153175051946,,,,,0.300000011921,-1.988871210841,-19.888712108412,,,,,0.699999988079,-1.911745633945,-19.117456339448,,,,,0.300000011921,-1.989011199626,-19.890111996263,,,,,0.699999988079,-1.911241111898,-19.112411118979,,,,,0.300000011921,-1.991938020737,-19.919380207366,,,,,0.699999988079,-1.9069613612,-19.069613611998,,,,,0.300000011921,-1.981687328464,-19.816873284644,,,,,0.699999988079,-1.914971693603,-19.14971693603,,,,,0.300000011921,-1.98898585218,-19.889858521798,,,,,0.699999988079,3.944374703727E-7,3.944374703727E-6,,,,,0.300000011921,-9.878658651116E-8,-9.878658651116E-7,,
,,0.72000002861,1.966932803281,19.669328032808,,,,,0.280000001192,0.711176330581,7.111763305813,,,,,0.72000002861,-1.912199615187,-19.121996151866,,,,,0.280000001192,-1.992104897846,-19.921048978464,,,,,0.72000002861,-1.908787918226,-19.087879182264,,,,,0.280000001192,-1.987293043382,-19.872930433815,,,,,0.72000002861,-1.902654991831,-19.026549918307,,,,,0.280000001192,-1.992976033341,-19.929760333408,,,,,0.72000002861,-1.899998787455,-18.999987874555,,,,,0.280000001192,-1.984173535451,-19.841735354514,,,,,0.72000002861,-1.909627504239,-19.096275042395,,,,,0.280000001192,-1.987853768961,-19.878537689611,,,,,0.72000002861,4.014548555097E-7,4.014548555097E-6,,,,,0.280000001192,-1.167475056059E-7,-1.167475056059E-6,,
,,0.740000009537,1.969041109888,19.690411098876,,,,,0.259999990463,0.697790683075,6.977906830749,,,,,0.740000009537,-1.903418959246,-19.034189592458,,,,,0.259999990463,-1.992948605709,-19.929486057087,,,,,0.740000009537,-1.900768764296,-19.007687642956,,,,,0.259999990463,-1.985695152681,-19.856951526809,,,,,0.740000009537,-1.89322631956,-18.9322631956,,,,,0.259999990463,-1.991396710222,-19.913967102225,,,,,0.740000009537,-1.889895441662,-18.898954416618,,,,,0.259999990463,-1.986468596497,-19.864685964969,,,,,0.740000009537,-1.902090568143,-19.020905681435,,,,,0.259999990463,-1.984445885675,-19.844458856745,,,,,0.740000009537,4.113142917759E-7,4.113142917759E-6,,,,,0.259999990463,-1.359554366852E-7,-1.359554366852E-6,,
,,0.759999990463,1.971696967565,19.716969675652,,,,,0.239999994636,0.669440296075,6.694402960755,,,,,0.759999990463,-1.895445916095,-18.954459160952,,,,,0.239999994636,-1.991979008097,-19.919790080969,,,,,0.759999990463,-1.891626849459,-18.916268494591,,,,,0.239999994636,-1.983694399373,-19.836943993729,,,,,0.759999990463,-1.886540911283,-18.865409112831,,,,,0.239999994636,-1.990797616776,-19.907976167756,,,,,0.759999990463,-1.884170308684,-18.841703086836,,,,,0.239999994636,-1.993494692945,-19.934946929453,,,,,0.759999990463,-1.892890369589,-18.928903695889,,,,,0.239999994636,-1.985942309545,-19.859423095453,,,,,0.759999990463,4.220555542054E-7,4.220555542054E-6,,,,,0.239999994636,-1.455345597067E-7,-1.455345597067E-6,,
,,0.77999997139,1.976815533837,19.768155338372,,,,,0.219999998808,0.6376644983,6.376644982999,,,,,0.77999997139,-1.886426847774,-18.864268477739,,,,,0.219999998808,-1.987721561611,-19.877215616109,,,,,0.77999997139,-1.880539383277,-18.805393832765,,,,,0.219999998808,-1.983703490554,-19.837034905544,,,,,0.77999997139,-1.879175975717,-18.79175975717,,,,,0.219999998808,-1.992019225018,-19.920192250181,,,,,0.77999997139,-1.871525592463,-18.71525592463,,,,,0.219999998808,-1.992943520811,-19.929435208106,,,,,0.77999997139,-1.884441618814,-18.844416188139,,,,,0.219999998808,-1.986938102087,-19.869381020866,,,,,0.77999997139,4.36653637391E-7,4.36653637391E-6,,,,,0.219999998808,-1.459336242985E-7,-1.459336242985E-6,,
,,0.800000011921,1.978286918437,19.782869184371,,,,,0.20000000298,0.610617597959,6.106175979588,,,,,0.800000011921,-1.875797561726,-18.757975617261,,,,,0.20000000298,-1.987815555182,-19.878155551815,,,,,0.800000011921,-1.869047012823,-18.690470128231,,,,,0.20000000298,-1.986322521243,-19.863225212428,,,,,0.800000011921,-1.86835500442,-18.683550044203,,,,,0.20000000298,-1.99461468027,-19.946146802701,,,,,0.800000011921,-1.859186933176,-18.591869331763,,,,,0.20000000298,-1.99544159256,-19.954415925599,,,,,0.800000011921,-1.873998624941,-18.739986249414,,,,,0.20000000298,-1.992605760308,-19.926057603076,,,,,0.800000011921,4.52799917241E-7,4.52799917241E-6,,,,,0.20000000298,-1.501576399525E-7,-1.501576399525E-6,,
,,0.819999992847,1.980920587469,19.809205874686,,,,,0.180000007153,0.618399784082,6.183997840824,,,,,0.819999992847,-1.860991455645,-18.609914556446,,,,,0.180000007153,-1.988885155789,-19.88885155789,,,,,0.819999992847,-1.85330578628,-18.533057862797,,,,,0.180000007153,-1.992154360037,-19.921543600369,,,,,0.819999992847,-1.853929418212,-18.53929418212,,,,,0.180000007153,-1.993852022601,-19.938520226015,,,,,0.819999992847,-1.841210932447,-18.412109324473,,,,,0.180000007153,-1.990829358867,-19.908293588667,,,,,0.819999992847,-1.861555070371,-18.615550703708,,,,,0.180000007153,-1.996851573163,-19.968515731632,,,,,0.819999992847,4.651042549816E-7,4.651042549816E-6,,,,,0.180000007153,-1.821709081667E-7,-1.821709081667E-6,,
,,0.839999973774,1.984488568001,19.844885680008,,,,,0.159999996424,0.594911888658,5.94911888658,,,,,0.839999973774,-1.843985091049,-18.439850910493,,,,,0.159999996424,-1.991589011823,-19.915890118227,,,,,0.839999973774,-1.836103075279,-18.361030752788,,,,,0.159999996424,-1.993841082366,-19.938410823662,,,,,0.839999973774,-1.838051400206,-18.380514002057,,,,,0.159999996424,-1.998281970403,-19.982819704028,,,,,0.839999973774,-1.821642934877,-18.216429348767,,,,,0.159999996424,-1.991249787485,-19.912497874855,,,,,0.839999973774,-1.8446492866,-18.446492866004,,,,,0.159999996424,-1.998591609878,-19.985916098785,,,,,0.839999973774,4.596175427695E-7,4.596175427695E-6,,,,,0.159999996424,-1.93113303265E-7,-1.93113303265E-6,,
,,0.860000014305,1.991645330921,19.916453309212,,,,,0.140000000596,0.566171158687,5.661711586869,,,,,0.860000014305,-1.825854578758,-18.25854578758,,,,,0.140000000596,-1.991720602822,-19.917206028216,,,,,0.860000014305,-1.817684726938,-18.176847269385,,,,,0.140000000596,-1.992163913482,-19.921639134818,,,,,0.860000014305,-1.820042848425,-18.200428484246,,,,,0.140000000596,-1.999410740733,-19.994107407333,,,,,0.860000014305,-1.8015148666,-18.015148665998,,,,,0.140000000596,-1.991275597195,-19.912755971954,,,,,0.860000014305,-1.825044192387,-18.25044192387,,,,,0.140000000596,-2.00134862621,-20.013486262104,,,,,0.860000014305,4.537971263911E-7,4.537971263911E-6,,,,,0.140000000596,-1.960568093145E-7,-1.960568093145E-6,,
,,0.879999995232,1.998188901359,19.981889013591,,,,,0.119999997318,0.506803750494,5.068037504935,,,,,0.879999995232,-1.806571682178,-18.065716821777,,,,,0.119999997318,-1.991852039733,-19.918520397327,,,,,0.879999995232,-1.795418035276,-17.954180352761,,,,,0.119999997318,-1.989534635953,-19.895346359532,,,,,0.879999995232,-1.795732451474,-17.957324514742,,,,,0.119999997318,-2.000154676732,-20.001546767317,,,,,0.879999995232,-1.779053947239,-17.790539472394,,,,,0.119999997318,-1.993332977777,-19.933329777774,,,,,0.879999995232,-1.803968984798,-18.039689847982,,,,,0.119999997318,-2.001948027833,-20.019480278329,,,,,0.879999995232,4.56623389623E-7,4.56623389623E-6,,,,,0.119999997318,-1.924312504867E-7,-1.924312504867E-6,,
,,0.899999976158,2.002479168551,20.024791685509,,,,,0.10000000149,0.42007993731,4.200799373102,,,,,0.899999976158,-1.78396618992,-17.839661899195,,,,,0.10000000149,-1.991311499658,-19.913114996576,,,,,0.899999976158,-1.770608239699,-17.706082396989,,,,,0.10000000149,-1.987775646436,-19.87775646436,,,,,0.899999976158,-1.76778115193,-17.677811519305,,,,,0.10000000149,-1.999519526735,-19.995195267348,,,,,0.899999976158,-1.75788335929,-17.578833592896,,,,,0.10000000149,-1.993888464371,-19.938884643711,,,,,0.899999976158,-1.778828093016,-17.788280930162,,,,,0.10000000149,-2.003526888688,-20.035268886878,,,,,0.899999976158,4.708236618806E-7,4.708236618806E-6,,,,,0.10000000149,-2.108745454103E-7,-2.108745454103E-6,,
,,0.920000016689,2.005961861474,20.059618614744,,,,,0.079999998212,0.318217949161,3.182179491613,,,,,0.920000016689,-1.755997786628,-17.559977866277,,,,,0.079999998212,-1.993416724508,-19.93416724508,,,,,0.920000016689,-1.739415356149,-17.39415356149,,,,,0.079999998212,-1.988611803995,-19.88611803995,,,,,0.920000016689,-1.73847280095,-17.384728009498,,,,,0.079999998212,-1.998619037511,-19.986190375106,,,,,0.920000016689,-1.728699241614,-17.286992416144,,,,,0.079999998212,-1.994093401173,-19.940934011726,,,,,0.920000016689,-1.745347852812,-17.45347852812,,,,,0.079999998212,-2.002795819022,-20.027958190224,,,,,0.920000016689,4.877670422669E-7,4.877670422669E-6,,,,,0.079999998212,-2.223498899599E-7,-2.223498899599E-6,,
,,0.939999997616,2.006660649741,20.066606497413,,,,,0.059999998659,0.230573952404,2.305739524042,,,,,0.939999997616,-1.71545982345,-17.154598234498,,,,,0.059999998659,-1.994934566586,-19.949345665858,,,,,0.939999997616,-1.709352167457,-17.093521674567,,,,,0.059999998659,-1.990077795521,-19.900777955212,,,,,0.939999997616,-1.703052363951,-17.030523639512,,,,,0.059999998659,-2.003614718746,-20.036147187456,,,,,0.939999997616,-1.691465499142,-16.914654991417,,,,,0.059999998659,-1.99576964553,-19.957696455301,,,,,0.939999997616,-1.706143327113,-17.061433271125,,,,,0.059999998659,-2.000885438221,-20.008854382214,,,,,0.939999997616,4.913256471845E-7,4.913256471845E-6,,,,,0.059999998659,-2.168455575726E-7,-2.168455575726E-6,,
,,0.959999978542,2.011471425591,20.114714255915,,,,,0.039999999106,0.141035279766,1.410352797656,,,,,0.959999978542,-1.663609117696,-16.636091176955,,,,,0.039999999106,-1.996126127703,-19.961261277033,,,,,0.959999978542,-1.670699622853,-16.70699622853,,,,,0.039999999106,-1.99464896481,-19.946489648102,,,,,0.959999978542,-1.661203652727,-16.612036527265,,,,,0.039999999106,-2.003086428652,-20.030864286523,,,,,0.959999978542,-1.644027791528,-16.440277915284,,,,,0.039999999106,-1.998038049383,-19.980380493826,,,,,0.959999978542,-1.662894188729,-16.628941887294,,,,,0.039999999106,-1.994205500062,-19.942055000622,,,,,0.959999978542,4.919400618186E-7,4.919400618186E-6,,,,,0.039999999106,-2.192070192289E-7,-2.192070192289E-6,,
,,0.980000019073,2.011630059003,20.116300590029,,,,,0.019999999553,0.03529771568,0.352977156799,,,,,0.980000019073,-1.605969794781,-16.059697947809,,,,,0.019999999553,-1.997955535355,-19.979555353546,,,,,0.980000019073,-1.622873613932,-16.228736139315,,,,,0.019999999553,-1.993803407894,-19.938034078941,,,,,0.980000019073,-1.605379407296,-16.053794072958,,,,,0.019999999553,-2.004654195184,-20.04654195184,,,,,0.980000019073,-1.587799258178,-15.877992581782,,,,,0.019999999553,-1.995747842104,-19.957478421035,,,,,0.980000019073,-1.609639473275,-16.096394732748,,,,,0.019999999553,-1.995495369209,-19.954953692093,,,,,0.980000019073,5.08402880285E-7,5.08402880285E-6,,,,,0.019999999553,-2.355874540775E-7,-2.355874540775E-6,,
,,1,2.014197316184,20.141973161836,,,,,0,0.620199780221,6.20199780221,,,,,1,-1.541126095809,-15.411260958093,,,,,0,-1.999665293813,-19.996652938131,,,,,1,-1.558959526782,-15.589595267822,,,,,0,-1.995463935294,-19.954639352939,,,,,1,-1.538729375324,-15.387293753241,,,,,0,-2.003660251697,-20.036602516966,,,,,1,-1.523085724893,-15.230857248931,,,,,0,-1.996090610461,-19.960906104607,,,,,1,-1.541008565324,-15.41008565324,,,,,0,-1.995892145348,-19.958921453476,,,,,1,5.20475689751E-7,5.20475689751E-6,,,,,0,-2.577218565335E-7,-2.577218565335E-6,,
,,1.019999980927,2.012871929794,20.128719297938,,,,,-0.019999999553,1.231968878872,12.319688788715,,,,,1.019999980927,-1.463389984445,-14.633899844453,,,,,-0.019999999553,-1.997751677168,-19.977516771678,,,,,1.019999980927,-1.477632360235,-14.776323602348,,,,,-0.019999999553,-1.995150366579,-19.951503665787,,,,,1.019999980927,-1.453878104751,-14.538781047514,,,,,-0.019999999553,-2.002148496088,-20.021484960877,,,,,1.019999980927,-1.441318984315,-14.413189843152,,,,,-0.019999999553,-1.997144340023,-19.971443400225,,,,,1.019999980927,-1.455163312742,-14.551633127419,,,,,-0.019999999553,-1.997326394783,-19.973263947827,,,,,1.019999980927,5.406786326248E-7,5.406786326248E-6,,,,,-0.019999999553,-2.635258880318E-7,-2.635258880318E-6,,
,,1.039999961853,2.013877044648,20.138770446483,,,,,-0.039999999106,1.891788949846,18.917889498465,,,,,1.039999961853,-1.361395750424,-13.613957504242,,,,,-0.039999999106,-1.999537246834,-19.995372468341,,,,,1.039999961853,-1.374937681503,-13.749376815028,,,,,-0.039999999106,-1.997643738649,-19.976437386494,,,,,1.039999961853,-1.351568799659,-13.515687996589,,,,,-0.039999999106,-1.998600546972,-19.986005469721,,,,,1.039999961853,-1.341403664649,-13.414036646491,,,,,-0.039999999106,-2.001097154887,-20.01097154887,,,,,1.039999961853,-1.352145203674,-13.521452036742,,,,,-0.039999999106,-1.996253712419,-19.962537124189,,,,,1.039999961853,5.398958872273E-7,5.398958872273E-6,,,,,-0.039999999106,-2.766469716329E-7,-2.766469716329E-6,,
,,1.05999994278,2.012723543223,20.127235432225,,,,,-0.059999998659,1.870090765199,18.700907651986,,,,,1.05999994278,-1.237492192919,-12.374921929189,,,,,-0.059999998659,-1.997517001417,-19.975170014169,,,,,1.05999994278,-1.248395870853,-12.483958708534,,,,,-0.059999998659,-1.997510683816,-19.975106838162,,,,,1.05999994278,-1.226516941192,-12.265169411918,,,,,-0.059999998659,-1.993182665108,-19.931826651084,,,,,1.05999994278,-1.218190035361,-12.18190035361,,,,,-0.059999998659,-2.001760965219,-20.017609652186,,,,,1.05999994278,-1.227301440809,-12.273014408089,,,,,-0.059999998659,-1.998894623578,-19.988946235779,,,,,1.05999994278,5.558079569726E-7,5.558079569726E-6,,,,,-0.059999998659,-2.953393185705E-7,-2.953393185705E-6,,
,,1.080000042915,2.015844052723,20.158440527235,,,,,-0.079999998212,1.860884017912,18.608840179116,,,,,1.080000042915,-1.098788095755,-10.987880957546,,,,,-0.079999998212,-1.999931480523,-19.999314805234,,,,,1.080000042915,-1.10624109251,-11.062410925103,,,,,-0.079999998212,-1.997557988777,-19.975579887772,,,,,1.080000042915,-1.087757950241,-10.877579502413,,,,,-0.079999998212,-1.993166408843,-19.931664088433,,,,,1.080000042915,-1.081157309527,-10.811573095269,,,,,-0.079999998212,-2.002988274711,-20.029882747105,,,,,1.080000042915,-1.087309342812,-10.873093428123,,,,,-0.079999998212,-2.006321117228,-20.063211172284,,,,,1.080000042915,5.553263480369E-7,5.553263480369E-6,,,,,-0.079999998212,-3.017082794261E-7,-3.017082794261E-6,,
,,1.100000023842,2.019763045311,20.197630453113,,,,,-0.10000000149,1.842373332445,18.423733324447,,,,,1.100000023842,-0.927068448731,-9.270684487313,,,,,-0.10000000149,-1.996482070569,-19.964820705691,,,,,1.100000023842,-0.930683907573,-9.306839075733,,,,,-0.10000000149,-1.997660226046,-19.976602260462,,,,,1.100000023842,-0.916607696237,-9.166076962375,,,,,-0.10000000149,-1.996068421814,-19.960684218145,,,,,1.100000023842,-0.909317146567,-9.093171465668,,,,,-0.10000000149,-2.003518336814,-20.035183368137,,,,,1.100000023842,-0.915753317794,-9.157533177936,,,,,-0.10000000149,-2.007532555675,-20.075325556748,,,,,1.100000023842,5.519499973571E-7,5.519499973571E-6,,,,,-0.10000000149,-2.918300519802E-7,-2.918300519802E-6,,
,,1.120000004768,2.022963295259,20.229632952595,,,,,-0.119999997318,1.829540128297,18.295401282975,,,,,1.120000004768,-0.72433899375,-7.243389937501,,,,,-0.119999997318,-2.000773416376,-20.007734163757,,,,,1.120000004768,-0.722421399713,-7.22421399713,,,,,-0.119999997318,-1.996662738539,-19.966627385389,,,,,1.120000004768,-0.716255585198,-7.16255585198,,,,,-0.119999997318,-1.998801015227,-19.988010152268,,,,,1.120000004768,-0.710392668817,-7.103926688166,,,,,-0.119999997318,-2.005181021443,-20.05181021443,,,,,1.120000004768,-0.71740762279,-7.174076227895,,,,,-0.119999997318,-2.0046887879,-20.046887878998,,,,,1.120000004768,5.548597646975E-7,5.548597646975E-6,,,,,-0.119999997318,-3.01375603907E-7,-3.01375603907E-6,,
,,1.139999985695,2.023715397912,20.237153979123,,,,,-0.140000000596,1.813315836436,18.133158364361,,,,,1.139999985695,-0.478819081306,-4.788190813061,,,,,-0.140000000596,-1.999255112034,-19.992551120344,,,,,1.139999985695,-0.470932495869,-4.709324958687,,,,,-0.140000000596,-1.998433053511,-19.98433053511,,,,,1.139999985695,-0.47644548844,-4.764454884398,,,,,-0.140000000596,-2.001649790856,-20.01649790856,,,,,1.139999985695,-0.472501283232,-4.725012832323,,,,,-0.140000000596,-2.008296754222,-20.082967542215,,,,,1.139999985695,-0.478154115316,-4.781541153159,,,,,-0.140000000596,-2.005244890845,-20.052448908447,,,,,1.139999985695,5.78920042651E-7,5.78920042651E-6,,,,,-0.140000000596,-2.941919453009E-7,-2.941919453009E-6,,
,,1.159999966621,2.027514741307,20.275147413074,,,,,-0.159999996424,1.802656734395,18.026567343951,,,,,1.159999966621,-0.218359717829,-2.183597178289,,,,,-0.159999996424,-2.001004239931,-20.010042399311,,,,,1.159999966621,-0.191909591191,-1.919095911907,,,,,-0.159999996424,-2.003606398003,-20.036063980033,,,,,1.159999966621,-0.219886241792,-2.198862417924,,,,,-0.159999996424,-2.003368640496,-20.033686404959,,,,,1.159999966621,-0.223897216383,-2.238972163825,,,,,-0.159999996424,-2.008700849531,-20.087008495313,,,,,1.159999966621,-0.225712809098,-2.257128090976,,,,,-0.159999996424,-2.005112837582,-20.051128375824,,,,,1.159999966621,5.949345913715E-7,5.949345913715E-6,,,,,-0.159999996424,-3.027898743823E-7,-3.027898743823E-6,,
,,1.179999947548,2.028499054306,20.284990543061,,,,,-0.180000007153,1.793410348016,17.934103480163,,,,,1.179999947548,0.066300966479,0.663009664787,,,,,-0.180000007153,-1.999594798635,-19.995947986352,,,,,1.179999947548,0.116290405721,1.16290405721,,,,,-0.180000007153,-2.007546500623,-20.075465006225,,,,,1.179999947548,0.060018127079,0.600181270792,,,,,-0.180000007153,-2.00522963615,-20.052296361504,,,,,1.179999947548,0.048195342982,0.481953429819,,,,,-0.180000007153,-2.008041045483,-20.080410454831,,,,,1.179999947548,0.048866294321,0.48866294321,,,,,-0.180000007153,-2.006743857164,-20.067438571645,,,,,1.179999947548,5.945694032541E-7,5.945694032541E-6,,,,,-0.180000007153,-2.91032666729E-7,-2.91032666729E-6,,
,,1.200000047684,2.024655718838,20.246557188382,,,,,-0.20000000298,1.786659490938,17.866594909376,,,,,1.200000047684,0.364232867621,3.642328676211,,,,,-0.20000000298,-2.003735061334,-20.037350613335,,,,,1.200000047684,0.443488169331,4.434881693313,,,,,-0.20000000298,-2.009489779173,-20.094897791733,,,,,1.200000047684,0.35414671225,3.541467122499,,,,,-0.20000000298,-2.003556165374,-20.035561653737,,,,,1.200000047684,0.332460344212,3.324603442118,,,,,-0.20000000298,-2.005440120114,-20.054401201135,,,,,1.200000047684,0.336290081429,3.362900814295,,,,,-0.20000000298,-2.00332734496,-20.0332734496,,,,,1.200000047684,5.774258958853E-7,5.774258958853E-6,,,,,-0.20000000298,-3.049515029553E-7,-3.049515029553E-6,,
==========,,,,,,,,,,,,,,,,,,,,,,,,,,,,,,,,,,,,,,,,,,,,,,,,,,,,,,,,,,,,,,,,,,,,,,,,,,,,,,,,,,,,,,,,,,,,,,,,,
No.,Name,Isc (mA),Voc (V),Pmax (mW),Imax (mA),Vmax (V),Efficiency (%),Fill Factor (%),Jsc (mA/cm^2),Jmax (mA/cm^2),Area (cm^2),Rs (ohm),Rsh (ohm),V/s,,,,,,,,,,,,,,,,,,,,,,,,,,,,,,,,,,,,,,,,,,,,,,,,,,,,,,,,,,,,,,,,,,,,,,,,,,,,,,,,,,,
1,single jv 2.CH_Ref.Forward(1),-0.291373,-0.03689,0,-0.291373,0,0,-0,-2.913734,-2.913734,0.1,128.76,126.1,0.301529,,,,,,,,,,,,,,,,,,,,,,,,,,,,,,,,,,,,,,,,,,,,,,,,,,,,,,,,,,,,,,,,,,,,,,,,,,,,,,,,,,,
1,single jv 2.CH_Ref.Reverse(1),-0.6202,---,---,---,---,---,---,-6.201998,---,0.1,---,58.2,0.276134,,,,,,,,,,,,,,,,,,,,,,,,,,,,,,,,,,,,,,,,,,,,,,,,,,,,,,,,,,,,,,,,,,,,,,,,,,,,,,,,,,,
1,single jv 2.CH_Ref.Forward(1),1.985629,1.175342,1.615518,1.755998,0.92,16.15518,69.22286,19.85629,17.559978,0.1,73.47,19278.5,0.309803,,,,,,,,,,,,,,,,,,,,,,,,,,,,,,,,,,,,,,,,,,,,,,,,,,,,,,,,,,,,,,,,,,,,,,,,,,,,,,,,,,,
1,single jv 2.CH_Ref.Reverse(1),1.999665,1.178252,1.687217,1.794911,0.94,16.87217,71.6103,19.996653,17.949112,0.1,67.21,38981.8,0.297809,,,,,,,,,,,,,,,,,,,,,,,,,,,,,,,,,,,,,,,,,,,,,,,,,,,,,,,,,,,,,,,,,,,,,,,,,,,,,,,,,,,
1,single jv 2.CH_Ref.Forward(1),1.991151,1.172454,1.606791,1.709352,0.94,16.06791,68.82712,19.911509,17.093522,0.1,68.52,33027.9,0.323176,,,,,,,,,,,,,,,,,,,,,,,,,,,,,,,,,,,,,,,,,,,,,,,,,,,,,,,,,,,,,,,,,,,,,,,,,,,,,,,,,,,
1,single jv 2.CH_Ref.Reverse(1),1.995464,1.176817,1.691062,1.761523,0.96,16.91062,72.01229,19.954639,17.615231,0.1,65.4,18896.5,0.30581,,,,,,,,,,,,,,,,,,,,,,,,,,,,,,,,,,,,,,,,,,,,,,,,,,,,,,,,,,,,,,,,,,,,,,,,,,,,,,,,,,,
1,single jv 2.CH_Ref.Forward(1),1.995841,1.175711,1.600869,1.703052,0.94,16.00869,68.22273,19.958412,17.030524,0.1,74.7,109960.1,0.310078,,,,,,,,,,,,,,,,,,,,,,,,,,,,,,,,,,,,,,,,,,,,,,,,,,,,,,,,,,,,,,,,,,,,,,,,,,,,,,,,,,,
1,single jv 2.CH_Ref.Reverse(1),2.00366,1.17833,1.68441,1.791926,0.94,16.8441,71.34389,20.036603,17.919256,0.1,67.74,13092.2,0.297619,,,,,,,,,,,,,,,,,,,,,,,,,,,,,,,,,,,,,,,,,,,,,,,,,,,,,,,,,,,,,,,,,,,,,,,,,,,,,,,,,,,
1,single jv 2.CH_Ref.Forward(1),1.993706,1.176457,1.590403,1.728699,0.92,15.90403,67.80628,19.937061,17.286992,0.1,76.73,13168.1,0.310078,,,,,,,,,,,,,,,,,,,,,,,,,,,,,,,,,,,,,,,,,,,,,,,,,,,,,,,,,,,,,,,,,,,,,,,,,,,,,,,,,,,
1,single jv 2.CH_Ref.Reverse(1),1.996091,1.179124,1.672568,1.779328,0.94,16.72568,71.0631,19.960906,17.793276,0.1,70.36,21970.5,0.293563,,,,,,,,,,,,,,,,,,,,,,,,,,,,,,,,,,,,,,,,,,,,,,,,,,,,,,,,,,,,,,,,,,,,,,,,,,,,,,,,,,,
1,single jv 2.CH_Ref.Forward(1),1.998484,1.176441,1.60572,1.745348,0.92,16.0572,68.29662,19.984838,17.453479,0.1,75.92,15568.7,0.309735,,,,,,,,,,,,,,,,,,,,,,,,,,,,,,,,,,,,,,,,,,,,,,,,,,,,,,,,,,,,,,,,,,,,,,,,,,,,,,,,,,,
1,single jv 2.CH_Ref.Reverse(1),1.995892,1.179381,1.685668,1.793264,0.94,16.85668,71.61119,19.958921,17.932639,0.1,70.01,12446202.2,0.301529,,,,,,,,,,,,,,,,,,,,,,,,,,,,,,,,,,,,,,,,,,,,,,,,,,,,,,,,,,,,,,,,,,,,,,,,,,,,,,,,,,,
1,single jv 2.CH_Ref.Forward(1),-3.45965E-8,-0.059335,0,-3.45965E-8,0,0,-0,-3.45965E-7,-3.45965E-7,0.1,1151033059.23,1481672518.4,0.327792,,,,,,,,,,,,,,,,,,,,,,,,,,,,,,,,,,,,,,,,,,,,,,,,,,,,,,,,,,,,,,,,,,,,,,,,,,,,,,,,,,,
1,single jv 2.CH_Ref.Reverse(1),2.577219E-7,0.474329,3.534841E-8,1.359554E-7,0.26,0,28.91606,2.577219E-6,1.359554E-6,0.1,1848778462.78,1480308081.9,0.327715,,,,,,,,,,,,,,,,,,,,,,,,,,,,,,,,,,,,,,,,,,,,,,,,,,,,,,,,,,,,,,,,,,,,,,,,,,,,,,,,,,,
